{
    "bays": 4,
    "rows": 4,
    "stacks": 3,
    "data": [
        { "bay": 1, "row": 1, "stack": 1, "container": "MSCU1234567", "entrada": "2025-09-10", "saida": "2025-10-08" },
        { "bay": 1, "row": 1, "stack": 2, "container": "HLCU2468135", "entrada": "2025-09-14", "saida": "2025-10-07" },
        { "bay": 1, "row": 1, "stack": 3, "container": "MAEU7654321", "entrada": "2025-09-12", "saida": "2025-10-06" },
        { "bay": 1, "row": 2, "stack": 1, "container": "CMAU9753186", "entrada": "2025-09-15", "saida": "2025-10-09" },
        { "bay": 1, "row": 2, "stack": 2, "container": "TGHU1592634", "entrada": "2025-09-17", "saida": "2025-10-10" },
        { "bay": 1, "row": 3, "stack": 1, "container": "OOLU3579246", "entrada": "2025-09-18", "saida": "2025-10-07" },
        { "bay": 1, "row": 3, "stack": 2, "container": "SUDU4862957", "entrada": "2025-09-19", "saida": "2025-10-09" },
        { "bay": 1, "row": 4, "stack": 1, "container": "APZU1928374", "entrada": "2025-09-20", "saida": "2025-10-11" },
        { "bay": 2, "row": 1, "stack": 1, "container": "TEMU1029384", "entrada": "2025-09-22", "saida": "2025-10-08" },
        { "bay": 2, "row": 1, "stack": 2, "container": "NYKU9182736", "entrada": "2025-09-22", "saida": "2025-10-09" },
        { "bay": 2, "row": 1, "stack": 3, "container": "EMCU5647382", "entrada": "2025-09-21", "saida": "2025-10-11" },
        { "bay": 2, "row": 2, "stack": 1, "container": "EGLV5647389", "entrada": "2025-09-23", "saida": "2025-10-07" },
        { "bay": 2, "row": 2, "stack": 2, "container": "TRHU2847561", "entrada": "2025-09-24", "saida": "2025-10-10" },
        { "bay": 2, "row": 3, "stack": 1, "container": "MSCU8374652", "entrada": "2025-09-24", "saida": "2025-10-11" },
        { "bay": 2, "row": 3, "stack": 2, "container": "HLCU2938475", "entrada": "2025-09-25", "saida": "2025-10-08" },
        { "bay": 2, "row": 4, "stack": 1, "container": "MAEU9283746", "entrada": "2025-09-25", "saida": "2025-10-10" },
        { "bay": 2, "row": 4, "stack": 2, "container": "MSCU8473625", "entrada": "2025-10-05", "saida": "2025-10-08" },
        { "bay": 3, "row": 1, "stack": 1, "container": "TGHU8372619", "entrada": "2025-09-26", "saida": "2025-10-11" },
        { "bay": 3, "row": 1, "stack": 2, "container": "CMAU6473829", "entrada": "2025-09-27", "saida": "2025-10-09" },
        { "bay": 3, "row": 2, "stack": 1, "container": "OOLU2837465", "entrada": "2025-09-29", "saida": "2025-10-07" },
        { "bay": 3, "row": 2, "stack": 2, "container": "SUDU9182735", "entrada": "2025-09-28", "saida": "2025-10-08" },
        { "bay": 3, "row": 3, "stack": 1, "container": "EGLV9182734", "entrada": "2025-09-29", "saida": "2025-10-09" },
        { "bay": 3, "row": 3, "stack": 2, "container": "TRHU7364528", "entrada": "2025-09-30", "saida": "2025-10-11" },
        { "bay": 3, "row": 4, "stack": 1, "container": "MAEU3748291", "entrada": "2025-09-30", "saida": "2025-10-09" },
        { "bay": 3, "row": 4, "stack": 2, "container": "MSCU9182736", "entrada": "2025-09-30", "saida": "2025-10-10" },
        { "bay": 4, "row": 1, "stack": 1, "container": "HLCU9283746", "entrada": "2025-10-01", "saida": "2025-10-11" },
        { "bay": 4, "row": 1, "stack": 2, "container": "TGHU5647389", "entrada": "2025-10-01", "saida": "2025-10-08" },
        { "bay": 4, "row": 2, "stack": 1, "container": "CMAU9283741", "entrada": "2025-10-02", "saida": "2025-10-10" },
        { "bay": 4, "row": 2, "stack": 2, "container": "SUDU3748295", "entrada": "2025-10-02", "saida": "2025-10-11" },
        { "bay": 4, "row": 3, "stack": 1, "container": "APZU8473629", "entrada": "2025-10-03", "saida": "2025-10-08" },
        { "bay": 4, "row": 3, "stack": 2, "container": "OOLU9182736", "entrada": "2025-10-03", "saida": "2025-10-09" },
        { "bay": 4, "row": 4, "stack": 1, "container": "EGLV3748296", "entrada": "2025-10-04", "saida": "2025-10-11" },
        { "bay": 4, "row": 4, "stack": 2, "container": "TEMU9182734", "entrada": "2025-10-04", "saida": "2025-10-09" },
        { "bay": 4, "row": 4, "stack": 3, "container": "TRHU9182735", "entrada": "2025-10-05", "saida": "2025-10-10" }
    ]
}
